user_id,first_name,last_name,sex,age,location
1,Caesar,Giovanetti,Male,45,Canada
2,Rena,Keilloh,Female,30,Russia
3,Wenda,Bentham3,Female,17,Canada
4,Jammie,Polhill,Female,22,Russia
5,Gisele,Giblett,Female,43,Sweden
6,Gilburt,Jarritt,Male,31,Russia
7,Jeanine,Caherny,Female,41,Sweden
8,Anetta,Peele,Female,33,Russia
9,Carole,Baud,Female,41,Sweden
10,Killie,Artin,Male,48,Russia
11,Ted,Guinnane,Female,38,Sweden
12,Hetti,Habert,Female,16,Sweden
13,Cass,Baert,Female,18,Russia
14,Tessie,Ilewicz,Female,15,Sweden
15,Melvyn,Etchingham,Male,17,Russia
16,Ken,Resun,Male,28,Russia
17,Mara,Slyvester,Female,44,Sweden
18,Jessie,Jobern,Female,39,Russia
19,Pepe,Breacher,Male,20,Russia
20,Hubey,Micheau,Male,43,Canada
21,Ardys,Turneaux,Female,13,Russia
22,Debra,Yve,Female,24,Canada
23,Kalie,Gallatly,Female,34,Sweden
24,Shandeigh,Tremontana,Female,43,Russia
25,Essy,Waterfield,Female,36,Canada
26,Siobhan,Bresnen,Female,34,Saudi Arabia
27,Heidi,Canacott,Female,43,Madagascar
28,Levy,Nicholls,Male,45,Russia
29,Darcie,Abramchik,Female,15,Sweden
30,Hermina,Martyn,Female,26,Russia
31,Charlean,Halfhyde,Female,21,Russia
32,Nickolas,Watkin,Male,27,Russia
33,Philippe,Bartram,Female,22,Finland
34,Ginelle,Le febre,Female,25,Estonia
35,Beatrix,Skirvin,Female,33,Russia
36,Gretchen,Seys,Female,19,Sweden
37,Lowe,Youdell,Male,31,Sweden
38,Antone,Henriet,Male,14,Sweden
39,Saundra,Loade,Female,31,Sweden
40,Rhody,Fosserd,Female,41,Lithuania
41,Massimiliano,Potteril,Male,12,Russia
42,Schuyler,Librey,Male,49,Finland
43,Sim,Sweetman,Male,29,Russia
44,Caitrin,Paggitt,Female,32,Sweden
45,Raddy,Mannin,Male,30,Canada
46,Van,Dahlman,Male,48,Russia
47,Marlo,Pavlenko,Male,47,Russia
48,Patience,Offiler,Female,24,Sweden
49,Rozella,Kilpatrick,Female,41,Sweden
50,Antonietta,McGowing,Female,48,Russia
51,Karen,Smeeton,Female,43,Russia
52,Trudie,Rock,Female,44,Sweden
53,Booth,Garry,Male,34,Finland
54,Clarine,Prozescky,Female,27,Russia
55,Uriel,LAbbet,Male,39,Canada
56,Pattie,Reignolds,Male,42,Russia
57,Bayard,Craigs,Male,39,Sweden
58,Leonie,Berzons,Female,10,Russia
59,Kirby,Janse,Male,23,Madagascar
60,Grenville,Gartside,Male,11,Russia
61,Claiborn,Cobby,Male,13,Russia
62,Salvador,Ditts,Male,42,Russia
63,Rafaello,Sone,Male,10,Russia
64,Babette,Jouandet,Female,22,Sweden
65,Hermina,Dollimore,Female,28,Russia
66,Ninnetta,Mousby,Female,18,Russia
67,Siegfried,Franzoli,Male,39,Sweden
68,Aloysius,Wooderson,Male,32,Canada
69,Roda,Falloon,Female,14,Russia
70,Johnette,Rimmington,Female,19,Canada
71,Pryce,Brunning,Male,26,Russia
72,Reginald,MacMenamie,Male,44,Sweden
73,Rad,Cappineer,Male,17,Lithuania
74,Eden,Leyden,Female,50,Sweden
75,Solly,Zahor,Male,12,Sweden
76,Virgil,Blissitt,Male,46,Canada
77,Carce,Dooney,Male,20,Russia
78,Elnora,Dielhenn,Female,23,Canada
79,Cesar,Jursch,Male,18,Russia
80,Darlene,Wenham,Female,20,Russia
81,Esra,Greggersen,Male,14,Russia
82,Maryanna,Ikin,Female,13,Russia
83,Vikky,Joerning,Female,49,Madagascar
84,Blayne,Jindrich,Male,39,Russia
85,Imogene,Whelan,Female,24,Canada
86,Artemis,Wesson,Male,35,Russia
87,Weider,Blasdale,Male,39,Russia
88,Omar,Vaisey,Male,47,Sweden
89,Billy,Bellison,Male,29,Russia
90,Pieter,Kupis,Male,16,Sweden
91,Obie,Dunwoody,Male,29,Sweden
92,Tamarra,Skeat,Female,32,Russia
93,Mathian,Brimilcombe,Male,25,Russia
94,Mackenzie,Tiptaft,Male,38,Russia
95,Clerissa,Braybrook,Female,50,Sweden
96,Sunshine,McGeaney,Female,46,Sweden
97,Orazio,McPaike,Male,34,Finland
98,Donovan,Featherstonhalgh,Male,49,Russia
99,Ike,Leverette,Male,14,Sweden
100,Herve,Ruusa,Male,38,Sweden
101,Stacy,Battyll,Female,28,Russia
102,Gayler,Benediktovich,Male,32,Russia
103,Edeline,Huc,Female,32,Sweden
104,Cordula,Pearsey,Female,28,Canada
105,Cristie,Retallick,Female,49,Sweden
106,Alec,Raddish,Male,15,Sweden
107,Pietro,Mussilli,Male,43,Russia
108,Merv,Dornin,Male,15,Madagascar
109,Loraine,Yule,Female,42,Russia
110,Annabel,Tatershall,Female,29,Russia
111,Shep,Gascoine,Male,19,Madagascar
112,Giacinta,Kanter,Female,16,Canada
113,Abigale,Elsay,Female,49,Russia
114,Chet,Delcastel,Male,46,Sweden
115,Had,Graalman,Male,25,Sweden
116,Arvin,Caudrelier,Male,42,Canada
117,Marion,Sinney,Male,50,Sweden
118,Ricki,Mitkin,Male,37,Russia
119,Anatollo,O'Fogarty,Male,26,Russia
120,Pauly,Tourmell,Female,11,Russia
121,Dixie,Savil,Female,46,Sweden
122,Noam,Furphy,Male,49,Sweden
123,Nicol,Benfell,Female,25,Russia
124,Berry,Colleymore,Female,50,Canada
125,Marga,Mabey,Female,49,Russia
126,Anselm,Harfleet,Male,20,Sweden
127,Gabrielle,Seabrooke,Female,36,Russia
128,Dareen,Lashbrook,Female,43,Sweden
129,Filbert,Plomer,Male,41,Russia
130,Eb,Heugle,Male,48,Russia
131,Isador,Skully,Male,42,Russia
132,Correy,Lohden,Female,44,Canada
133,Weylin,Bediss,Male,50,Sweden
134,Tessy,Island,Female,16,Russia
135,Gerty,Basnall,Female,11,Russia
136,Fina,Feehily,Female,40,Russia
137,Fraser,Bentame,Male,42,Russia
138,Becky,Eck,Female,14,Sweden
139,Papagena,Bohden,Female,25,Sweden
140,Franz,Orknay,Male,37,Russia
141,Cordy,Hawking,Female,19,Madagascar
142,Alix,Rankmore,Male,39,Finland
143,Torr,Mateev,Male,26,Canada
144,Duff,Goldine,Male,33,Russia
145,Carley,MacKegg,Female,15,Russia
146,Poppy,Vaines,Female,14,Sweden
147,Kelli,Girardey,Female,33,Russia
148,Quinlan,Gittins,Male,12,Russia
149,Fulvia,Ledram,Female,12,Russia
150,Lillian,Roscoe,Female,33,United Arab Emirates
151,Kevin,Tomalin,Male,40,United Arab Emirates
152,Errick,Deeny,Male,14,Russia
153,Enid,Riddle,Female,11,Finland
154,Pren,Boyen,Male,31,Russia
155,Douglas,Reddecliffe,Male,44,Madagascar
156,Sharl,Tabert,Female,27,Sweden
157,Quillan,Renzini,Male,40,Madagascar
158,Oralee,Gush,Female,13,Russia
159,Betteann,Jessopp,Female,17,Sweden
160,Marten,Konneke,Male,31,Finland
161,Madalena,Shorbrook,Female,24,Russia
162,Fancy,Clive,Female,13,Russia
163,Bevin,Tatlowe,Male,50,Russia
164,Daune,Heineken,Female,20,Canada
165,Koralle,Treadwell,Female,14,Russia
166,Dietrich,Pantecost,Male,46,Sweden
167,Katey,Balshen,Female,11,Russia
168,Julina,Huburn,Female,33,Russia
169,Francoise,de Clerc,Female,17,Russia
170,Elliot,Pietersma,Male,20,Canada
171,Matteo,Dmytryk,Male,35,Russia
172,Berne,Fernan,Male,39,Canada
173,Blondell,Gerrit,Female,48,Russia
174,Elie,Krzyzanowski,Female,17,Canada
175,Leisha,Camelia,Female,44,Russia
176,Malia,Doggett,Female,13,Russia
177,Gracie,Wozencraft,Female,11,Russia
178,Dev,Howell,Male,33,Russia
179,Lance,Whye,Male,32,Canada
180,Spike,Knapman,Male,44,Russia
181,Malachi,Meigh,Male,23,Sweden
182,Shannen,Livsey,Female,37,Madagascar
183,Birch,Adnam,Male,26,Sweden
184,Aubree,Bailes,Female,16,Sweden
185,Aretha,Naulty,Female,23,Sweden
186,Blinny,Canlin,Female,43,Russia
187,Bond,Vevers,Male,23,Sweden
188,Valentine,Wellesley,Male,12,Russia
189,Heywood,M'Quhan,Male,30,Canada
190,Kylie,Romero,Male,23,Sweden
191,Jed,Dall,Male,30,Sweden
192,Nataniel,Crankshaw,Male,43,Sweden
193,Harlen,Balcers,Male,40,Russia
194,Patricia,MacCurlye,Female,29,Finland
195,Orella,Pleasants,Female,24,Russia
196,Alyosha,Ellams,Male,34,Sweden
197,Cordie,Roughley,Female,32,Latvia
198,Marrissa,Hartnup,Female,50,Russia
199,Raul,Wandrach,Male,44,Canada
200,Elsworth,Duggary,Male,17,Russia
201,Saw,Maughan,Male,31,Russia
202,Orella,Shepley,Female,35,Canada
203,Chaim,Matchett,Male,22,Sweden
204,Cleavland,Oulet,Male,49,Russia
205,Briano,Godfery,Male,21,Saudi Arabia
206,Edgard,MacElroy,Male,14,Sweden
207,Dave,Pearde,Male,39,Russia
208,Murry,Kintzel,Male,46,Russia
209,Veriee,Huncote,Female,34,Russia
210,Thorsten,Cowoppe,Male,18,Russia
211,Lacey,Wilcocks,Female,37,Russia
212,Carmine,Culpin,Male,32,Russia
213,Ricky,O'Hoey,Female,45,Russia
214,Brandice,Headon,Female,49,Sweden
215,Edik,Petrello,Male,10,Sweden
216,Tobin,Edmondson,Male,11,Sweden
217,Jone,Fewings,Male,32,Russia
218,Magnum,Cristofano,Male,40,Russia
219,Kermie,Gavey,Male,35,Madagascar
220,Kendrick,Gonning,Male,31,Russia
221,Alejandrina,Kabsch,Female,49,Sweden
222,Archer,Waddie,Male,20,Sweden
223,Early,Cunningham,Male,26,Sweden
224,Tiler,Briscam,Male,23,Russia
225,Gaile,Canellas,Male,32,Russia
226,Menard,Drewe,Male,16,Russia
227,Lek,Rosenwasser,Male,46,Canada
228,Jeramey,Ilsley,Male,37,Russia
229,Bea,Brunone,Female,16,Russia
230,Sabrina,Dufore,Female,49,Finland
231,Abba,Comiskey,Male,43,Russia
232,Esta,Andrzejczak,Female,15,Russia
233,Enrichetta,Ivankovic,Female,50,Russia
234,Chloe,Trimnell,Female,11,Canada
235,Tobe,Mazzeo,Female,34,Russia
236,Huey,Reuther,Male,16,Sweden
237,Glen,Haye,Male,37,Sweden
238,Amity,MacCarrane,Female,24,Russia
239,Bordy,Babe,Male,48,Russia
240,Meade,Charrett,Female,18,Russia
241,Kamilah,Alfonsetto,Female,21,Latvia
242,Karrah,Petronis,Female,27,Russia
243,Wendel,Icke,Male,13,Sweden
244,Lavina,McCaffery,Female,33,Finland
245,Sasha,Frostdicke,Male,11,Sweden
246,Mellisa,Francais,Female,44,Russia
247,Lester,Champe,Male,21,Sweden
248,Agnella,Spooner,Female,23,Russia
249,Blanca,Yashnov,Female,49,Russia
250,Madel,McKimmie,Female,29,Russia
251,Trace,Taylorson,Male,36,Russia
252,Tiena,Pautard,Female,28,Canada
253,Thibaut,Paulsen,Male,46,Russia
254,Sherrie,Kilgallen,Female,40,Sweden
255,Desdemona,Scoullar,Female,36,Russia
256,Cris,Sangar,Female,19,Sweden
257,Katerine,Posse,Female,47,Saudi Arabia
258,Thaine,Biford,Male,36,Russia
259,Wallas,Warsap,Male,39,Russia
260,Morganne,Steddall,Female,50,Latvia
261,Corny,Giottoi,Male,15,Canada
262,Daile,Prover,Female,16,Madagascar
263,Hasty,Klich,Male,23,Sweden
264,Annecorinne,Walkley,Female,14,Lithuania
265,Fan,Leadbitter,Female,13,Russia
266,Glenden,Goves,Male,39,Russia
267,Rob,Birkett,Male,13,Sweden
268,Vance,Victoria,Male,27,Russia
269,Reinhold,Elgee,Male,24,Sweden
270,Trix,Webberley,Female,34,Russia
271,Melisent,Fabbri,Female,33,Russia
272,Lauri,Kellog,Female,32,Canada
273,Kelcie,Hankard,Female,11,Sweden
274,Philly,Stroban,Female,30,Canada
275,Amandi,Dowsett,Female,40,Canada
276,Ronda,Siggin,Female,28,Sweden
277,Flossi,Gillingham,Female,16,Russia
278,Kermie,Clapshaw,Male,17,Sweden
279,Marcie,Gregorio,Female,29,Russia
280,Forrest,Ludgrove,Male,22,Russia
281,Lucie,Easeman,Female,22,Russia
282,Peder,O'Cannovane,Male,18,Sweden
283,Cedric,Westnedge,Male,30,Sweden
284,Windham,O'Rowane,Male,41,Russia
285,Giraldo,Iiannoni,Male,26,Finland
286,Catherin,Tames,Female,10,Sweden
287,Burgess,Soutar,Male,14,Russia
288,Maybelle,Cars,Female,17,Russia
289,Charlean,Biaggiotti,Female,16,Sweden
290,Leonidas,Fattorini,Male,15,Sweden
291,Maura,Friary,Female,34,Russia
292,Daniela,Dredge,Female,13,Russia
293,Elroy,Goodreid,Male,10,Sweden
294,Harald,Sivior,Male,45,Estonia
295,Alphonso,Barg,Male,43,Sweden
296,Vinny,Strowther,Male,24,Russia
297,Roldan,Naulls,Male,20,Russia
298,Bary,Puleque,Male,28,Russia
299,Tremayne,Hanshaw,Male,35,Sweden
300,Derby,Bould,Male,10,Russia
301,Zarah,Trouncer,Female,19,Sweden
302,Lion,Aphale,Male,16,Canada
303,Barclay,Sangwine,Male,43,Finland
304,Taber,Pitblado,Male,16,Sweden
305,Elvis,Bettanay,Male,44,Russia
306,Micky,Simmell,Male,29,Russia
307,Merrielle,Ivanaev,Female,46,Russia
308,Clarita,Condell,Female,39,Estonia
309,Sula,Shirland,Female,50,Finland
310,Corrinne,Dalgety,Female,14,Canada
311,Matty,Scarrott,Male,31,Sweden
312,Agna,Thibodeaux,Female,23,Russia
313,Morgan,Ebden,Male,11,Russia
314,Wendel,Satchell,Male,49,Canada
315,Modesta,Rabbe,Female,44,Russia
316,Brennan,Wolton,Male,24,Russia
317,Esmeralda,Dunmuir,Female,27,Sweden
318,Orville,Harly,Male,45,Russia
319,Berne,Helliar,Male,38,Sweden
320,Edd,Kissell,Male,48,Russia
321,Elvera,Bassano,Female,29,Finland
322,Doretta,De Ruel,Female,37,Russia
323,Josselyn,Naper,Female,27,Russia
324,Erin,Lightewood,Female,31,Russia
325,Jess,Wroth,Female,50,Sweden
326,Pail,Romagnosi,Male,50,Sweden
327,Marrissa,Butchart,Female,49,United Arab Emirates
328,Andie,Thornthwaite,Female,22,Sweden
329,Odille,Kneebone,Female,45,Sweden
330,Clifford,McCoish,Male,21,Russia
331,Marvin,Peatman,Male,48,Finland
332,Cameron,Dismore,Male,27,Russia
333,Ring,Burgwin,Male,47,Canada
334,Virgil,Hastewell,Male,34,Russia
335,Leela,Janssens,Female,15,Russia
336,Meridith,Renad,Female,47,Russia
337,Peria,Elven,Female,11,Lithuania
338,Benedicto,Arpe,Male,19,Russia
339,Courtnay,Cuer,Female,48,Russia
340,Natividad,Valencia,Female,24,Canada
341,Eliza,Vero,Female,32,Sweden
342,Nadia,Clingan,Female,43,Russia
343,Karmen,Finnick,Female,42,Russia
344,Jeffry,Alflatt,Male,10,Canada
345,Tybi,Blenkhorn,Female,20,Russia
346,Christiane,Titchard,Female,25,Canada
347,Emalia,Blemings,Female,10,Russia
348,Leesa,McElree,Female,44,Madagascar
349,Carmelle,Mc Trusty,Female,10,Canada
350,Dulcinea,Malin,Female,36,Russia
351,Albrecht,MacIlwrick,Male,50,Finland
352,Rik,Glencrosche,Male,36,Russia
353,Emmi,Slimm,Female,16,Russia
354,Akim,Casino,Male,12,Russia
355,Georgena,Spellacey,Female,11,Canada
356,Justis,Maiklem,Male,25,Canada
357,Aldwin,Ferns,Male,39,Sweden
358,Una,Siddons,Female,42,Russia
359,Wendie,Erwin,Female,35,Russia
360,Sibella,Mixter,Female,14,Russia
361,Madlin,Streat,Female,11,Sweden
362,Cherye,De Francesco,Female,32,Saudi Arabia
363,Hattie,Nelthorp,Female,31,Sweden
364,Stavros,Elner,Male,43,Russia
365,Arnold,Ricard,Male,50,Russia
366,Jameson,Jenner,Male,17,Russia
367,Melisenda,Maymand,Female,50,Russia
368,Erminie,Aartsen,Female,45,Finland
369,Mickie,Tegler,Female,48,Russia
370,Jemima,Grocott,Female,49,Russia
371,Ariella,Patterson,Female,48,Russia
372,Willis,Challes,Male,21,Russia
373,Abie,Thowes,Male,43,Russia
374,Kristoforo,Lethley,Male,31,Sweden
375,Tristan,Alpin,Male,39,Finland
376,Knox,Vanni,Male,33,Russia
377,Patrizius,Priditt,Male,41,Sweden
378,Gwenette,Yearsley,Female,43,Russia
379,Noella,Rodrig,Female,11,Russia
380,Barbi,Westfalen,Female,30,Russia
381,Dian,Bonefant,Female,23,Russia
382,Benson,Darko,Male,20,Canada
383,Wallis,Cosstick,Female,24,Russia
384,Carol-jean,Stonham,Female,15,Russia
385,Chancey,Cahan,Male,33,Russia
386,Jodie,Bedinham,Male,11,Sweden
387,Kasey,Futty,Female,11,Russia
388,Averell,Gothard,Male,23,Russia
389,Dulcinea,Paslow,Female,40,Russia
390,Johnathan,Swadon,Male,46,Russia
391,Cornie,Strahan,Male,16,Russia
392,Richardo,Hainey,Male,50,Russia
393,Sara-ann,Zamorrano,Female,46,Finland
394,Farly,Sands-Allan,Male,26,Russia
395,Bevin,Orrock,Male,40,Canada
396,Alejoa,Levermore,Male,44,Sweden
397,Jason,Brownill,Male,26,Russia
398,Joceline,Garton,Female,29,Russia
399,Ronny,Behnecke,Male,31,Russia
400,Aubine,Shearston,Female,36,Sweden
401,Hanni,Morrall,Female,43,Russia
402,Anne-corinne,Hoxey,Female,49,Canada
403,Agnola,Smalley,Female,21,Russia
404,Shay,Izhaky,Female,26,Sweden
405,Goldi,Hunton,Female,20,Russia
406,Arluene,Simanek,Female,36,Russia
407,Daffy,Yarker,Female,37,Sweden
408,Zelma,Leall,Female,15,Russia
409,Hilary,McSparran,Female,47,Madagascar
410,Radcliffe,Castelijn,Male,47,Finland
411,Dania,Beahan,Female,41,Russia
412,Rem,Ketts,Male,33,Sweden
413,Reinald,Nafziger,Male,36,Sweden
414,Juliana,De Gowe,Female,23,Saudi Arabia
415,Oberon,Kolak,Male,22,Estonia
416,Sammie,Lassells,Male,43,Canada
417,Morissa,Rowth,Female,12,Sweden
418,Georgette,Masic,Female,38,Sweden
419,Curr,Rubinfeld,Male,11,Russia
420,Marcos,Crasswell,Male,12,Russia
421,Neall,Holdin,Male,20,Russia
422,Malanie,Verma,Female,28,Sweden
423,Zonnya,Clendennen,Female,10,Canada
424,Kizzee,Treadgall,Female,34,Finland
425,Shelley,Kellar,Female,27,Sweden
426,Domini,Morkham,Female,34,Russia
427,Shaine,Kenwright,Male,37,Sweden
428,Alex,Obbard,Male,42,Russia
429,Kennedy,Beauvais,Male,40,Russia
430,Clareta,Claremont,Female,38,Sweden
431,Welch,Smartman,Male,25,Sweden
432,Corrina,Suart,Female,32,Sweden
433,Humfrey,Sporle,Male,21,Latvia
434,Franz,Elstub,Male,22,Madagascar
435,Rayner,Northern,Male,36,Sweden
436,Erika,Cicchillo,Female,22,Russia
437,Walsh,Lethabridge,Male,18,Russia
438,Tommy,Coldham,Female,25,Finland
439,Sheffy,O'Loughnan,Male,32,Sweden
440,Eda,Ech,Female,41,Russia
441,Haskel,Biasotti,Male,37,Lithuania
442,Deane,Mayston,Female,22,Russia
443,Lauree,Cutforth,Female,38,Sweden
444,Nicolais,Lawdham,Male,17,Latvia
445,Anett,Hext,Female,21,Finland
446,Fee,Pietranek,Male,19,Canada
447,Sidoney,Cockrell,Female,12,Russia
448,Brear,Cail,Female,46,Sweden
449,Charmaine,Ygou,Female,32,Sweden
450,Reece,Garrique,Male,24,Russia
451,Hagen,Brierly,Male,46,Russia
452,Alane,Clemencon,Female,47,Russia
453,Peg,Pottle,Female,30,Sweden
454,Kim,Blundin,Male,26,Russia
455,Kettie,Iowarch,Female,12,Canada
456,Peyton,Bullon,Male,37,Canada
457,Rutledge,Venner,Male,39,Sweden
458,Bertha,Andreopolos,Female,20,Russia
459,Gaby,Hearnshaw,Female,43,Russia
460,Guthry,Dunmuir,Male,17,Russia
461,Cleon,Fernier,Male,49,Russia
462,Stinky,Wilderspoon,Male,19,Russia
463,Gloria,Carwithan,Female,48,Russia
464,Homere,Erdes,Male,36,Russia
465,Kipp,Knagges,Female,31,Russia
466,Yehudi,Watmore,Male,15,Russia
467,Arri,Sprionghall,Male,24,Russia
468,Nealy,Sivess,Male,15,Latvia
469,Benedetta,Cotelard,Female,14,Russia
470,Carlye,Warnock,Female,47,Sweden
471,Sylas,Tonn,Male,36,Russia
472,Jeanna,Scotchmer,Female,47,Russia
473,Dominik,Altofts,Male,13,Sweden
474,Felicio,Van Arsdale,Male,28,Russia
475,Aylmar,Merrigan,Male,35,Sweden
476,Niall,Titcomb,Male,15,Finland
477,Chester,Pagon,Male,13,Russia
478,Ciro,Fidgin,Male,25,Canada
479,Godfrey,Letchmore,Male,19,Russia
480,Kirk,Zute,Male,13,Sweden
481,Leandra,Ferson,Female,19,Russia
482,Thomasin,Crockett,Female,36,Russia
483,Nance,Ilieve,Female,31,Russia
484,Debra,Schrieves,Female,23,Finland
485,Ambrose,Sivier,Male,17,Sweden
486,Jandy,McGlone,Female,10,Russia
487,Arlee,Corser,Female,30,Russia
488,Izaak,Brattan,Male,42,Russia
489,Damien,Wolfendell,Male,42,Russia
490,Josy,MacConneely,Female,37,Russia
491,Kassey,Grisenthwaite,Female,36,Canada
492,Zorah,Ivankovic,Female,25,Russia
493,Tanney,Bowley,Male,44,Russia
494,Thebault,Boddington,Male,24,Russia
495,Herman,Winterburn,Male,41,Russia
496,Patrizia,Milesop,Female,37,Russia
497,Alla,Correa,Female,42,Canada
498,Paco,Cathel,Male,50,Russia
499,Faustina,Fawlkes,Female,31,Canada
500,Theodore,Simondson,Male,22,Sweden
501,Gardy,Butterly,Male,18,Russia
502,Lindsy,Goodfellowe,Female,11,Finland
503,Paxon,Davidzon,Male,24,Canada
504,Levey,Cracknell,Male,31,Canada
505,Bartholomeo,Pero,Male,49,Russia
506,Far,Woodroff,Male,50,Sweden
507,Charleen,Beart,Female,40,Sweden
508,Nancey,Gait,Female,37,Russia
509,Gretna,Sobczak,Female,49,Russia
510,Binny,Bernucci,Female,13,Russia
511,Egon,Galiero,Male,28,Russia
512,Humfried,Kiehl,Male,32,Sweden
513,Ceil,Cunnell,Female,13,Sweden
514,Terri,Hinze,Female,45,Sweden
515,Englebert,Babbidge,Male,48,Canada
516,Edie,Timmins,Female,24,Canada
517,Darby,Baterip,Female,24,Russia
518,Hephzibah,Bonhan,Female,47,Canada
519,Leann,Voss,Female,49,Russia
520,Tuck,Jolland,Male,20,Sweden
521,Esdras,Claye,Male,21,Russia
522,Cody,Dallaghan,Male,45,Russia
523,Brett,Melland,Female,19,Russia
524,Mimi,Sooper,Female,37,Sweden
525,Sax,Rooper,Male,35,Finland
526,Joanne,Dorrance,Female,11,Sweden
527,Cece,Tabrett,Male,10,Sweden
528,Rolando,Hintze,Male,13,Russia
529,Lawton,Nibloe,Male,46,Russia
530,Heath,Haggish,Male,18,Finland
531,Melosa,Boyford,Female,37,Russia
532,Lizbeth,Allabarton,Female,31,Russia
533,Vanni,Gawthrop,Female,40,Lithuania
534,Darby,Curmi,Female,31,Russia
535,Cindee,Kenyon,Female,12,Sweden
536,Hewe,Hexham,Male,20,Finland
537,Garner,Douse,Male,18,Sweden
538,Donia,Meekin,Female,43,Russia
539,Berta,Trafford,Female,34,Sweden
540,Galvan,Delle,Male,10,Madagascar
541,Reed,Breede,Male,44,Sweden
542,Katine,Mattingly,Female,33,Russia
543,Silvio,Dell Casa,Male,32,Russia
544,Templeton,Frill,Male,44,Sweden
545,Jabez,Geldard,Male,49,Lithuania
546,Estelle,Pipes,Female,46,Russia
547,Spence,Wittrington,Male,42,Russia
548,Fallon,Sidon,Female,24,Finland
549,Denver,Juden,Male,43,Russia
550,Wandie,Vanetti,Female,31,Russia
551,Ogdon,Poston,Male,20,Russia
552,Burnaby,Arndt,Male,39,Russia
553,Sunny,Terrelly,Female,17,Russia
554,Artus,Stellin,Male,13,Russia
555,Alfredo,Jemmett,Male,17,Madagascar
556,Giusto,Steart,Male,44,Sweden
557,Garvey,Blaker,Male,25,Russia
558,Nicolas,Desmond,Male,30,Russia
559,Bear,Presslie,Male,31,Sweden
560,Frieda,Joubert,Female,10,Russia
561,Bee,Lamberti,Female,27,Madagascar
562,Bambie,Conachy,Female,15,Canada
563,Bail,Conkey,Male,32,Russia
564,Mohandas,MacArthur,Male,12,Sweden
565,Barbabas,Drinan,Male,49,Canada
566,Erl,Cull,Male,29,Sweden
567,Flo,Thurborn,Female,30,Russia
568,Morse,Lambdin,Male,34,Russia
569,Lolita,Aldgate,Female,25,Russia
570,Nance,Falck,Female,13,Finland
571,Peyter,Chiswell,Male,33,Russia
572,Ginny,Nance,Female,20,Russia
573,Edgard,Scutchings,Male,16,Canada
574,Dena,Morit,Female,31,Russia
575,Leonid,Keesman,Male,27,Canada
576,Maggy,Linzey,Female,13,Russia
577,Ofella,Prendeville,Female,29,Russia
578,Jobi,Oleszkiewicz,Female,18,Russia
579,Silvia,Braybrooks,Female,33,Sweden
580,Arturo,Fulker,Male,19,Madagascar
581,Halimeda,Drage,Female,24,Madagascar
582,Deck,Boast,Male,29,Russia
583,Jareb,Pizer,Male,33,Sweden
584,Saba,Connors,Female,37,Canada
585,Hermina,Antic,Female,47,Russia
586,Winnah,Fairy,Female,45,Canada
587,Trudy,Brereton,Female,26,Russia
588,Vincents,Maccraw,Male,31,Russia
589,Sherm,Lebbern,Male,34,Russia
590,Alfi,Orrom,Female,30,Sweden
591,Catlee,Rival,Female,23,Russia
592,Ermina,Breeder,Female,16,Sweden
593,Karena,Butter,Female,16,Canada
594,Waiter,Corriea,Male,17,Russia
595,Siana,Bigg,Female,49,Canada
596,Quentin,Billany,Female,45,Madagascar
597,Tobi,Goard,Female,44,Russia
598,Hesther,McShee,Female,25,Russia
599,Wyatt,Hamsson,Male,20,Estonia
600,Jemmie,Possa,Female,50,Sweden
601,Ambrosius,Sudran,Male,42,Finland
602,Mendel,Castaneda,Male,21,Sweden
603,Wilie,Preskett,Female,45,Sweden
604,Layney,Climpson,Female,29,Sweden
605,Myron,Ivetts,Male,36,Russia
606,Tabb,Harburtson,Male,33,Sweden
607,Sloane,Horlock,Male,12,Russia
608,Quinn,Savidge,Male,37,Canada
609,Leonardo,Melloy,Male,14,Sweden
610,Prescott,Lyddon,Male,18,Russia
611,Charlena,Sorbie,Female,40,Sweden
612,Arin,Clunan,Male,18,Sweden
613,Willabella,Bewly,Female,35,Russia
614,Esther,Jorry,Female,32,Russia
615,Arabella,Pogue,Female,21,Russia
616,Elmira,Tretwell,Female,18,Russia
617,Clayborne,Abrahamsohn,Male,18,Canada
618,Fowler,Gillet,Male,31,Russia
619,Corabel,Bodman,Female,50,Russia
620,Claudette,Sixsmith,Female,36,Russia
621,Arlette,Hartgill,Female,19,Russia
622,Rennie,McCraw,Female,48,Russia
623,Puff,Leacock,Male,34,Russia
624,Teodor,Gilliard,Male,29,Russia
625,Gilberte,Westgarth,Female,15,Sweden
626,Erie,Lamminam,Male,31,Russia
627,Randolph,Hinchcliffe,Male,38,Russia
628,Brenna,Trainor,Female,24,Russia
629,Giusto,Blesli,Male,30,Russia
630,Hi,Eate,Male,13,Sweden
631,Herve,Pinney,Male,36,Russia
632,Jaymie,Lakes,Male,23,Russia
633,Christos,Snoden,Male,50,Canada
634,Ruth,Sybe,Female,50,Sweden
635,Derrik,Ubach,Male,38,Russia
636,Matty,Docharty,Female,16,Russia
637,Amerigo,Goodhall,Male,44,Canada
638,Caspar,Lowmass,Male,23,Russia
639,Helenka,Galero,Female,34,Russia
640,Hannah,Stutt,Female,47,Canada
641,Ofella,Minthorpe,Female,27,Madagascar
642,Lynea,Volkers,Female,35,Russia
643,Mead,Harroll,Male,33,Sweden
644,Ike,Drissell,Male,35,Sweden
645,Abbie,Eadington,Female,21,Russia
646,Carlye,Strutley,Female,28,Russia
647,Kessia,Elsip,Female,24,Russia
648,Dallis,Demeza,Male,25,Russia
649,Kitty,Weich,Female,12,Russia
650,Barty,Di Biasi,Male,43,Sweden
651,Krystalle,Ruckman,Female,10,Finland
652,Zolly,Dunniom,Male,17,Russia
653,Nataniel,Cord,Male,30,Madagascar
654,Eziechiele,Gluyus,Male,34,Sweden
655,Cammy,Trime,Female,32,Russia
656,Jemmie,Giampietro,Female,11,Russia
657,Prescott,Benedettini,Male,44,Russia
658,Lindsey,Cubbit,Male,15,Russia
659,Tuckie,Hewkin,Male,26,Canada
660,Anabelle,Onion,Female,20,Russia
661,Coriss,Filippello,Female,33,Sweden
662,Bradford,Tapin,Male,41,Sweden
663,Candida,Duncanson,Female,35,Latvia
664,Barnebas,Shankland,Male,21,Russia
665,Vannie,Dolbey,Female,49,Russia
666,Claudelle,Milleton,Female,14,Sweden
667,Dennet,Curnow,Male,40,Russia
668,Cecil,Brandacci,Male,39,Lithuania
669,Patrizio,Tollet,Male,43,Russia
670,Lauren,Kilbourn,Female,47,Madagascar
671,Adolphe,Schwandermann,Male,30,Sweden
672,Thaine,Thew,Male,14,Russia
673,Ruthanne,Housin,Female,47,Russia
674,Antonietta,Regina,Female,46,Sweden
675,Nels,Carnoghan,Male,36,Russia
676,Tildi,Wellsman,Female,36,Russia
677,Walt,Blaza,Male,15,Sweden
678,Morgan,Whelband,Female,29,Sweden
679,Celine,Moores,Female,11,Latvia
680,Raleigh,McPhaden,Male,35,Russia
681,Cherida,Barracks,Female,27,Canada
682,Hatti,Cosgrove,Female,35,Canada
683,Kleon,Bes,Male,41,Russia
684,Patsy,Wickrath,Female,48,Russia
685,Abram,Thaxton,Male,41,Canada
686,Dulci,Kneaphsey,Female,12,Russia
687,Alexandr,List,Male,28,Russia
688,Gael,Bullocke,Male,20,Russia
689,Guthry,Loades,Male,18,Russia
690,Goldarina,Yanne,Female,30,Russia
691,Umberto,Pepperrall,Male,27,Russia
692,Adolphus,McAlpin,Male,35,Latvia
693,Holly,Stephens,Male,29,Finland
694,Stuart,Rubes,Male,46,Sweden
695,Mignon,Shuttleworth,Female,44,Russia
696,Fidel,Hanster,Male,32,Russia
697,Patrizia,Bonar,Female,19,Russia
698,Domenic,Geerits,Male,43,Russia
699,Kerr,Robbins,Male,11,Madagascar
700,Melicent,Mattessen,Female,32,Sweden
701,Francine,Rioch,Female,12,Russia
702,Wilmette,Thorsen,Female,12,Sweden
703,Ceil,Rabjohns,Female,25,Russia
704,Vitia,Scattergood,Female,42,Russia
705,Kristos,Pullin,Male,42,Russia
706,Sherill,Clemenza,Female,42,Madagascar
707,Kippie,Batrim,Female,28,Russia
708,Kellen,Do,Male,22,Estonia
709,Frances,Ziem,Female,49,Russia
710,Carlie,Dalling,Male,10,Sweden
711,Kennedy,Coultas,Male,46,Russia
712,Roxie,Turbefield,Female,23,Russia
713,Jessamine,O'Fogerty,Female,38,Sweden
714,Alli,Gennrich,Female,20,Russia
715,Kirsti,Baiyle,Female,47,Sweden
716,Allie,Avrahm,Female,22,Russia
717,Charmine,Laugharne,Female,31,Russia
718,Audre,Broadhead,Female,49,Russia
719,Arni,Tyzack,Male,39,Russia
720,Edyth,Banton,Female,39,Sweden
721,Derk,Hannent,Male,20,Madagascar
722,Austine,Carlsen,Female,24,Madagascar
723,Daffi,Springer,Female,47,Russia
724,Jammie,Coston,Female,22,Russia
725,Tanney,Flicker,Male,50,Russia
726,Minnnie,Pink,Female,22,Russia
727,Ronda,Lambertson,Female,11,Russia
728,Burlie,Gaynesford,Male,31,Sweden
729,Orelie,Donaho,Female,46,Finland
730,Fayette,Allridge,Female,12,Sweden
731,Biddy,Feehan,Female,35,Russia
732,Buiron,Flintiff,Male,33,Russia
733,Myron,Haggar,Male,20,Saudi Arabia
734,Lizabeth,Wickham,Female,48,Russia
735,Pearla,Greathead,Female,22,Russia
736,Timmy,Nixon,Female,30,Sweden
737,Monika,Rickman,Female,16,Russia
738,Madelle,Colwill,Female,39,Russia
739,Fowler,Stayte,Male,32,Sweden
740,Tabbie,Tanfield,Male,36,Sweden
741,Bennie,Gawen,Female,46,Russia
742,Freddie,Mariotte,Female,20,Russia
743,Eada,Ramlot,Female,45,Russia
744,Hagan,Ahrenius,Male,28,Sweden
745,Olive,Gersam,Female,27,Sweden
746,Philippa,Dwane,Female,26,Canada
747,Morie,Lassells,Male,21,Russia
748,Renard,Simonetti,Male,30,Russia
749,Carl,Rooper,Male,19,Russia
750,Georas,Barrar,Male,38,Canada
751,Abram,Hanhart,Male,47,Russia
752,Romola,McNabb,Female,15,Canada
753,Shir,Abramow,Female,27,Russia
754,Clayborne,Vern,Male,48,Sweden
755,Dalia,Jerromes,Female,48,Canada
756,Ursula,Orme,Female,38,Russia
757,Keri,Merwood,Female,27,Sweden
758,Elie,Boldry,Female,30,Russia
759,Zarah,Bruun,Female,14,Canada
760,Kimble,Giuron,Male,36,Russia
761,Ann-marie,O'Finan,Female,46,Russia
762,Ike,Ansell,Male,30,Sweden
763,Celka,Petyankin,Female,35,Russia
764,Cassaundra,Cabotto,Female,22,Sweden
765,Nikki,Sherwill,Female,44,Russia
766,Augustina,Stoneham,Female,22,Sweden
767,Sven,Knuckles,Male,23,Russia
768,Arly,D'Aeth,Female,12,Saudi Arabia
769,Dominick,Nestor,Male,10,Sweden
770,Payton,Jeannin,Male,27,Canada
771,Aloin,Mackriell,Male,23,Russia
772,Jervis,Cruddace,Male,26,Russia
773,Alethea,Flaunders,Female,26,Russia
774,Chariot,Hodgon,Male,19,Sweden
775,Lilyan,Dutton,Female,50,Canada
776,Heidie,Jeavon,Female,30,Sweden
777,Jemimah,Kenshole,Female,26,Sweden
778,Saudra,Passmore,Female,45,Finland
779,Morly,Colyer,Male,21,Russia
780,Archambault,Halls,Male,21,Russia
781,Lynna,Ianizzi,Female,45,Russia
782,Daniele,MacAlister,Female,25,Madagascar
783,June,Swallow,Female,11,Russia
784,Georges,Ameer-Beg,Male,41,Russia
785,Fremont,South,Male,43,Canada
786,Wilfred,Valentin,Male,34,Madagascar
787,Davine,Fyldes,Female,35,Russia
788,Bradley,Oats,Male,26,Russia
789,Drud,Etherson,Male,49,Canada
790,Suzi,Hebden,Female,30,Russia
791,Nahum,Foyston,Male,16,Russia
792,Dietrich,Dincke,Male,34,Russia
793,Ado,Janowski,Male,31,Sweden
794,Elfreda,Cuberley,Female,10,Russia
795,Emmy,D'eye,Female,17,Lithuania
796,Rivalee,Brandes,Female,13,Russia
797,Lon,Lis,Male,38,Russia
798,Benedetta,Botham,Female,34,Canada
799,Chandal,Ginnally,Female,34,Sweden
800,Jennie,Kenefick,Female,48,Russia
801,Brittni,McGiff,Female,29,Canada
802,Robby,Osmund,Female,35,Madagascar
803,Colleen,Kits,Female,28,Sweden
804,Merrill,Halmkin,Female,27,Russia
805,Boris,Bale,Male,35,Russia
806,Reinald,Gehrels,Male,48,Russia
807,Pearl,Vallis,Female,41,Canada
808,Jacquenette,Tineman,Female,44,Russia
809,Federica,Crucitti,Female,46,Russia
810,Fredric,Cabrales,Male,33,Sweden
811,Lorenza,Foale,Female,39,Russia
812,Gregoor,Osler,Male,17,Sweden
813,Isaac,McCaughan,Male,17,Sweden
814,Thorpe,Eskell,Male,47,Russia
815,Tabby,Maymand,Male,16,Russia
816,Bat,Clemot,Male,44,Russia
817,Teresita,Rowlin,Female,33,Sweden
818,Murry,Pottery,Male,25,Russia
819,Skippy,Niece,Male,47,Sweden
820,Leighton,Grishaev,Male,49,Canada
821,Kit,Pert,Male,31,Russia
822,Sheff,Ell,Male,39,Russia
823,Agosto,Craney,Male,29,Russia
824,Vin,Brickdale,Female,17,Russia
825,Jinny,Jojic,Female,15,Sweden
826,Dagny,Fargie,Male,31,Russia
827,Lesley,Ashton,Male,50,Russia
828,Josefina,Etock,Female,37,Russia
829,Hally,Cornall,Female,17,Russia
830,Doris,Francescuzzi,Female,41,Sweden
831,Berton,Egdal,Male,10,Russia
832,Creigh,Gooder,Male,40,Sweden
833,Nikolas,Smithers,Male,47,Sweden
834,Amalie,Kopecka,Female,25,Sweden
835,Nicole,Rishbrook,Female,43,Sweden
836,Torrie,Ord,Female,24,Saudi Arabia
837,Davis,Chanson,Male,10,Russia
838,Lola,Murty,Female,21,Canada
839,Glynn,Winspare,Male,31,Saudi Arabia
840,Jacklin,Aughtie,Female,33,Sweden
841,Rafaellle,Beazey,Male,25,Canada
842,Dosi,Seymer,Female,16,Canada
843,Kathrine,Szymoni,Female,44,Russia
844,Rena,Ikringill,Female,43,Russia
845,Deck,Quadri,Male,44,Lithuania
846,Sholom,Cornejo,Male,25,Russia
847,Nico,Arundel,Male,43,Madagascar
848,Karoly,Planks,Male,41,Sweden
849,Wanids,Wedge,Female,26,Russia
850,Hamish,O'Codihie,Male,17,Canada
851,Lenard,Cheverton,Male,18,Russia
852,Heinrik,Kalewe,Male,30,Russia
853,Deck,Pink,Male,49,Finland
854,Zebedee,Wysome,Male,50,Russia
855,Ondrea,Denkel,Female,49,Russia
856,Northrup,Huntley,Male,38,Sweden
857,Trevor,Rabbatts,Male,47,Sweden
858,Penelope,Dohmer,Female,32,Sweden
859,Wolfy,Howick,Male,17,Russia
860,Crichton,Collough,Male,48,Russia
861,Wiatt,Choak,Male,19,Finland
862,Alfred,Lavens,Male,47,Russia
863,Reena,Rabb,Female,14,Russia
864,Bradley,Smorthwaite,Male,43,Russia
865,Burl,Warsop,Male,32,Sweden
866,Hazlett,Cuthbert,Male,22,Russia
867,Dalton,Raggitt,Male,40,Sweden
868,Micky,Branigan,Male,48,Russia
869,Justinian,Amorine,Male,37,Russia
870,Yvor,Jarrad,Male,25,Russia
871,Gunar,Davern,Male,40,Finland
872,Jessey,Zimmerman,Male,37,Sweden
873,Jacenta,Masterson,Female,47,Sweden
874,Sonnie,Spavins,Female,43,Russia
875,Junie,Stening,Female,23,Madagascar
876,Casi,Lammenga,Female,39,Madagascar
877,Jedidiah,Scotson,Male,12,Russia
878,Nevins,Littlemore,Male,24,Canada
879,Prudence,Izkovici,Female,17,Estonia
880,Zea,Myner,Female,47,Canada
881,Thorpe,Seamen,Male,36,Sweden
882,Nils,Inglis,Male,21,Russia
883,Dela,Ivanyutin,Female,34,Russia
884,Lanna,Groombridge,Female,16,Madagascar
885,Briggs,Avrahamoff,Male,46,Russia
886,Penrod,Ingle,Male,48,Lithuania
887,Ronna,Rendle,Female,28,Russia
888,Lockwood,Gutowska,Male,41,Russia
889,Eddi,Surpliss,Female,41,Madagascar
890,Lona,Bunton,Female,47,Canada
891,Sabra,Pecey,Female,34,Sweden
892,Gonzales,Flint,Male,15,Russia
893,Daryle,Piburn,Male,50,Finland
894,Corliss,Hukin,Female,11,Russia
895,Gaile,Bointon,Male,34,Canada
896,Ag,Hemstead,Female,31,Finland
897,Latisha,Denkin,Female,46,Russia
898,Halie,Littleton,Female,34,Sweden
899,Purcell,Wincott,Male,16,Russia
900,Novelia,Andrin,Female,15,Sweden
901,Janie,Leonards,Female,22,Sweden
902,Kennett,Cunniffe,Male,30,Saudi Arabia
903,Bunni,Gracey,Female,45,Russia
904,Erda,Been,Female,34,Sweden
905,Geno,Bruckman,Male,50,Russia
906,Pall,Hansana,Male,20,Russia
907,Silvanus,O'Caine,Male,35,Sweden
908,Beau,Danielian,Male,24,Finland
909,Xylia,Bramble,Female,30,Finland
910,Erny,Luddy,Male,35,Sweden
911,Oran,Sparkes,Male,42,Russia
912,Zara,Klass,Female,48,Sweden
913,Fredra,McIsaac,Female,18,Sweden
914,Cassius,Trobey,Male,33,Sweden
915,Melisenda,Demonge,Female,42,Sweden
916,Darya,Hassur,Female,36,Russia
917,Dolli,Estabrook,Female,31,Russia
918,Carlynne,Henkmann,Female,43,Sweden
919,Husain,Medcalfe,Male,12,Madagascar
920,Sibby,Crowcroft,Female,29,Russia
921,Shay,Menloe,Male,33,Canada
922,Britney,Pettecrew,Female,45,Sweden
923,Milzie,Oleksiak,Female,15,Finland
924,Sharron,Dincey,Female,39,Russia
925,Philippa,Atrill,Female,28,Sweden
926,Ashton,Onn,Male,35,Sweden
927,Leeland,Moodycliffe,Male,18,Russia
928,Rutter,Lemm,Male,43,Russia
929,Addi,Dodge,Female,21,Canada
930,Rollin,Twiggs,Male,36,Russia
931,Darbee,Craythorn,Male,16,Russia
932,Urbanus,Reen,Male,17,Russia
933,Kala,Upstone,Female,21,Russia
934,Benny,Cutajar,Female,40,Russia
935,Moses,Duhig,Male,20,Finland
936,Ev,Dulton,Male,29,Sweden
937,Clarie,Oleksinski,Female,47,Russia
938,Leonard,Padula,Male,27,Canada
939,Zita,Rupke,Female,41,Russia
940,Donica,Dresche,Female,21,Canada
941,Joanie,Bouldon,Female,37,Sweden
942,Kayla,Imesen,Female,31,Russia
943,Moll,Lochrie,Female,25,Estonia
944,Curtis,Lamborne,Male,11,Canada
945,Katharina,Overill,Female,40,Russia
946,Shelton,Chancelier,Male,27,Russia
947,Ernesta,Shuker,Female,27,Russia
948,Eugene,Shottin,Male,34,Sweden
949,Brandais,Buglar,Female,11,Finland
950,Adrea,Grasser,Female,16,Russia
951,Jaquith,Maldin,Female,22,Russia
952,Bendicty,Muat,Male,25,Russia
953,Raimundo,Hussell,Male,13,Russia
954,Giacomo,McTurley,Male,46,Russia
955,Richardo,Costerd,Male,36,Canada
956,Corrianne,Lever,Female,33,Russia
957,Ewell,Barkus,Male,31,Finland
958,Vladamir,Remington,Male,48,Russia
959,Giustina,Tailour,Female,30,Canada
960,Robenia,Lamcken,Female,38,Russia
961,Shepard,Robertsen,Male,35,Canada
962,Charlene,Caron,Female,18,Russia
963,Niki,Trinbey,Male,40,Sweden
964,Correy,Purton,Male,41,Russia
965,Bel,McIsaac,Female,41,Russia
966,Arden,Hannigan,Female,17,Sweden
967,Demetria,Othick,Female,19,Sweden
968,Garald,Gunthorpe,Male,35,Russia
969,Dyanne,Lighten,Female,34,Russia
970,Murdoch,Kirkam,Male,14,Russia
971,Pearce,Thunderchief,Male,22,Russia
972,Brooks,Feely,Male,11,Russia
973,Marilyn,Biddy,Female,21,Sweden
974,Thayne,Richly,Male,24,Russia
975,Walt,Fetteplace,Male,43,Russia
976,Georgi,Butting,Male,41,Sweden
977,Virgie,Cerro,Female,39,Sweden
978,Prisca,Nazaret,Female,10,Saudi Arabia
979,Florida,Tilne,Female,48,Latvia
980,Lonnard,Lovelady,Male,12,Russia
981,Kelila,McQuirk,Female,35,Russia
982,Horst,Bonson,Male,37,Canada
983,Christiana,Whitty,Female,44,Russia
984,Jeannette,Cleife,Female,49,Russia
985,Andreana,MacBarron,Female,46,Canada
986,Marty,Lavers,Male,17,Russia
987,Sandy,Harwick,Male,15,Russia
988,Gavrielle,Nice,Female,42,Finland
989,Jasmina,Bowmaker,Female,33,Russia
990,Corette,Ker,Female,42,Russia
991,Dana,Huster,Female,44,Sweden
992,Cirstoforo,Nagle,Male,22,Russia
993,Reilly,Malicki,Male,49,Russia
994,Danyette,Fealy,Female,23,Sweden
995,Zared,Canter,Male,43,Russia
996,Marjie,Kalkofer,Female,32,Sweden
997,Roberta,Coronado,Female,25,Russia
998,Stormi,Quogan,Female,23,Russia
999,Catherina,Bromige,Female,42,Sweden
1000,Baudoin,Spalton,Male,46,Russia
